Date,Product,Category,Size,Qty,Amount,ship-city,ship-state,ship-postal-code,promotion-ids,Gender,Age Group
5/1/25,미역국,국/반찬/메인요리,300g,3,10624,강서구,서울,8053,FRUITPROMO5,F,50대
5/1/25,생강차,커피/차,500ml,2,8312,중구,서울,4237,WEEKEND20,M,40대
5/1/25,생강차,커피/차,250ml,1,4659,중랑구,서울,5119,FRESH10OFF,F,30대
5/1/25,생강차,커피/차,1L,4,15408,강동구,서울,2453,,M,20대
5/1/25,우동키트,간편식/밀키트/샐러드,300g,1,6764,송파구,서울,7892,WEEKEND20,F,60대
5/1/25,호두과자,베이커리,1개,2,6923,마포구,서울,1345,NEWCUSTOMER,M,50대
5/1/25,따뜻한 허브차,커피/차,330ml,3,11851,용산구,서울,9876,FRESH10OFF,F,40대
5/1/25,된장찌개,국/반찬/메인요리,1개,4,12967,은평구,서울,3421,FRUITPROMO5,M,30대
5/2/25,브로콜리,채소,200g,2,7234,성북구,서울,6754,,F,20대
5/2/25,브로콜리,채소,1개,3,10123,관악구,서울,8901,WEEKEND20,M,40대
5/2/25,우유,유제품,1kg,1,4456,동대문구,서울,2345,FRESH10OFF,F,50대
5/2/25,베이글,베이커리,4개입,4,12678,서초구,서울,7123,NEWCUSTOMER,M,30대
5/2/25,라떼,커피/차,500ml,2,8789,광진구,서울,5432,FRUITPROMO5,F,60대
5/2/25,견과류믹스,과일/견과/쌀,500g,3,14234,노원구,서울,9012,,M,20대
5/2/25,상추,채소,300g,1,3890,양천구,서울,4567,WEEKEND20,F,40대
5/2/25,스콘,베이커리,6개입,2,6789,도봉구,서울,8234,FRESH10OFF,M,50대
5/3/25,붕어빵,베이커리,10개입,1,3567,성동구,서울,1678,NEWCUSTOMER,F,30대
5/3/25,라면,간편식/밀키트/샐러드,1개,2,12345,종로구,서울,9345,FRUITPROMO5,M,60대
5/3/25,유자차,커피/차,250ml,3,11678,중구,서울,2890,,F,20대
5/3/25,호빵,베이커리,1개,4,12890,강남구,서울,7456,WEEKEND20,M,40대
5/3/25,김치찌개,국/반찬/메인요리,500g,1,4123,구로구,서울,5123,FRESH10OFF,F,50대
5/3/25,아메리카노,커피/차,330ml,2,8456,금천구,서울,8567,NEWCUSTOMER,M,30대
5/3/25,따뜻한 수프키트,간편식/밀키트/샐러드,300g,3,17890,영등포구,서울,3456,FRUITPROMO5,F,60대
5/4/25,현미,과일/견과/쌀,2kg,1,5678,서대문구,서울,6789,,M,20대
5/4/25,카푸치노,커피/차,500ml,2,8234,동작구,서울,4012,WEEKEND20,F,40대
5/4/25,머핀,베이커리,4개입,3,9567,강북구,서울,7234,FRESH10OFF,M,50대
5/4/25,당근,채소,1kg,4,13890,강서구,서울,5678,NEWCUSTOMER,F,30대
5/4/25,치즈,유제품,200g,1,4345,중랑구,서울,8901,FRUITPROMO5,M,60대
5/4/25,식빵,베이커리,1개,2,6789,송파구,서울,2345,,F,20대
5/4/25,배,과일/견과/쌀,1개,3,13456,마포구,서울,6789,WEEKEND20,M,40대
5/5/25,녹차,커피/차,1L,1,4567,용산구,서울,9012,FRESH10OFF,F,50대
5/5/25,양배추,채소,500g,2,7234,은평구,서울,3456,NEWCUSTOMER,M,30대
5/5/25,크로와상,베이커리,6개입,3,9890,성북구,서울,7890,FRUITPROMO5,F,60대
5/5/25,사과,과일/견과/쌀,1kg,4,17345,관악구,서울,1234,,M,20대
5/5/25,버터,유제품,300g,1,3678,동대문구,서울,5678,WEEKEND20,F,40대
5/5/25,우롱차,커피/차,250ml,2,8123,서초구,서울,8901,FRESH10OFF,M,50대
5/5/25,양파,채소,1개,3,10456,광진구,서울,2345,NEWCUSTOMER,F,30대
5/6/25,아메리카노,커피/차,330ml,1,4234,노원구,서울,6789,FRUITPROMO5,M,60대
5/6/25,요거트,유제품,500g,2,7567,양천구,서울,9012,,F,20대
5/6/25,귤,과일/견과/쌀,2kg,3,13890,도봉구,서울,3456,WEEKEND20,M,40대
5/6/25,베이글,베이커리,10개입,4,12345,성동구,서울,7890,FRESH10OFF,F,50대
5/6/25,상추,채소,200g,1,3678,종로구,서울,1234,NEWCUSTOMER,M,30대
5/6/25,라떼,커피/차,500ml,2,8901,중구,서울,5678,FRUITPROMO5,F,60대
5/6/25,스콘,베이커리,1개,3,9234,강남구,서울,8901,,M,20대
5/7/25,생수,생수/음료,1L,3,7890,구로구,서울,2345,WEEKEND20,F,40대
5/7/25,샐러드키트,간편식/밀키트/샐러드,300g,2,12456,금천구,서울,6789,FRESH10OFF,M,50대
5/7/25,수박,과일/견과/쌀,1개,4,18234,영등포구,서울,9012,NEWCUSTOMER,F,30대
5/7/25,아이스티,생수/음료,500ml,1,3567,서대문구,서울,3456,FRUITPROMO5,M,60대
5/7/25,과일젤리,간식/과자/떡,200g,2,7890,동작구,서울,7890,,F,20대
5/7/25,이온음료,생수/음료,330ml,3,8123,강북구,서울,1234,WEEKEND20,M,40대
5/7/25,새우,수산/해산/건어물,500g,4,13456,강서구,서울,5678,FRESH10OFF,F,50대
5/8/25,탄산수,생수/음료,250ml,2,5789,중랑구,서울,8901,NEWCUSTOMER,M,30대
5/8/25,포도,과일/견과/쌀,1kg,3,14234,송파구,서울,2345,FRUITPROMO5,F,60대
5/8/25,냉면키트,간편식/밀키트/샐러드,1개,1,6890,마포구,서울,6789,,M,20대
5/8/25,과일주스,생수/음료,500ml,4,9567,용산구,서울,9012,WEEKEND20,F,40대
5/8/25,아이스크림,간식/과자/떡,300g,2,6234,은평구,서울,3456,FRESH10OFF,M,50대
5/8/25,참외,과일/견과/쌀,2kg,3,16789,성북구,서울,7890,NEWCUSTOMER,F,30대
5/8/25,조개,수산/해산/건어물,1kg,1,4567,관악구,서울,1234,FRUITPROMO5,M,60대
5/9/25,따뜻한 허브차,커피/차,1L,2,8901,동대문구,서울,5678,,F,20대
5/9/25,김치찌개키트,간편식/밀키트/샐러드,500g,3,17456,서초구,서울,8901,WEEKEND20,M,40대
5/9/25,붕어빵,베이커리,4개입,1,3789,광진구,서울,2345,FRESH10OFF,F,50대
5/9/25,홍차,커피/차,250ml,4,15234,노원구,서울,6789,NEWCUSTOMER,M,30대
5/9/25,따뜻한 죽,국/반찬/메인요리,200g,2,7567,양천구,서울,9012,FRUITPROMO5,F,60대
5/9/25,찐빵,베이커리,6개입,3,9890,도봉구,서울,3456,,M,20대
5/9/25,된장찌개,국/반찬/메인요리,300g,1,4234,성동구,서울,7890,WEEKEND20,F,40대
5/10/25,라면,간편식/밀키트/샐러드,1개,2,12678,종로구,서울,1234,FRESH10OFF,M,50대
5/10/25,유자차,커피/차,330ml,3,11345,중구,서울,5678,NEWCUSTOMER,F,30대
5/10/25,호빵,베이커리,10개입,1,3890,강남구,서울,8901,FRUITPROMO5,M,60대
5/10/25,생강차,커피/차,500ml,4,15567,구로구,서울,2345,,F,20대
5/10/25,우동키트,간편식/밀키트/샐러드,300g,2,12234,금천구,서울,6789,WEEKEND20,M,40대
5/10/25,미역국,국/반찬/메인요리,500g,3,10789,영등포구,서울,9012,FRESH10OFF,F,50대
5/10/25,호두과자,베이커리,1개,1,3456,서대문구,서울,3456,NEWCUSTOMER,M,30대
5/11/25,생수,생수/음료,1L,3,8234,동작구,서울,7890,FRUITPROMO5,F,60대
5/11/25,복숭아,과일/견과/쌀,500g,2,9567,강북구,서울,1234,,M,20대
5/11/25,냉국수,간편식/밀키트/샐러드,1개,4,23890,강서구,서울,5678,WEEKEND20,F,40대
5/11/25,젤리,간식/과자/떡,200g,1,3789,중랑구,서울,8901,FRESH10OFF,M,50대
5/11/25,아이스티,생수/음료,250ml,2,5234,송파구,서울,2345,NEWCUSTOMER,F,30대
5/11/25,문어,수산/해산/건어물,300g,3,11678,마포구,서울,6789,FRUITPROMO5,M,60대
5/11/25,체리,과일/견과/쌀,1kg,1,6890,용산구,서울,9012,,F,20대
5/12/25,과일샐러드,간편식/밀키트/샐러드,300g,2,12456,은평구,서울,3456,WEEKEND20,M,40대
5/12/25,탄산수,생수/음료,330ml,3,7789,성북구,서울,7890,FRESH10OFF,F,50대
5/12/25,이온음료,생수/음료,500ml,4,9234,관악구,서울,1234,NEWCUSTOMER,M,30대
5/12/25,빙수재료,간식/과자/떡,1kg,1,4567,동대문구,서울,5678,FRUITPROMO5,F,60대
5/12/25,오징어,수산/해산/건어물,500g,2,7890,서초구,서울,8901,,M,20대
5/12/25,수박,과일/견과/쌀,2kg,3,18345,광진구,서울,2345,WEEKEND20,F,40대
5/12/25,생선회,수산/해산/건어물,200g,1,4234,노원구,서울,6789,FRESH10OFF,M,50대
5/13/25,과일주스,생수/음료,1L,2,6678,양천구,서울,9012,NEWCUSTOMER,F,30대
5/13/25,샐러드키트,간편식/밀키트/샐러드,300g,3,17901,도봉구,서울,3456,FRUITPROMO5,M,60대
5/13/25,참외,과일/견과/쌀,1개,4,19234,성동구,서울,7890,,F,20대
5/13/25,아이스크림,간식/과자/떡,500g,1,3567,종로구,서울,1234,WEEKEND20,M,40대
5/13/25,새우,수산/해산/건어물,300g,2,8890,중구,서울,5678,FRESH10OFF,F,50대
5/13/25,생수,생수/음료,500ml,3,7123,강남구,서울,8901,NEWCUSTOMER,M,30대
5/13/25,포도,과일/견과/쌀,1kg,1,5456,구로구,서울,2345,FRUITPROMO5,F,60대
5/14/25,아이스티,생수/음료,250ml,2,5789,금천구,서울,6789,,M,20대
5/14/25,냉면키트,간편식/밀키트/샐러드,1개,3,18234,영등포구,서울,9012,WEEKEND20,F,40대
5/14/25,체리,과일/견과/쌀,500g,4,18890,서대문구,서울,3456,FRESH10OFF,M,50대
5/14/25,젤리,간식/과자/떡,200g,1,3234,동작구,서울,7890,NEWCUSTOMER,F,30대
5/14/25,조개,수산/해산/건어물,1kg,2,8567,강북구,서울,1234,FRUITPROMO5,M,60대
5/14/25,이온음료,생수/음료,330ml,3,8123,강서구,서울,5678,,F,20대
5/14/25,과일샐러드,간편식/밀키트/샐러드,300g,1,7456,중랑구,서울,8901,WEEKEND20,M,40대
5/1/25,보습크림,헤어/바디/구강,250ml,2,17234,강남구,서울,6012,SUMMER25,F,30대
5/1/25,호빵,베이커리,1개,1,3890,성동구,서울,7456,FRESH10OFF,M,40대
5/1/25,붕어빵,베이커리,4개입,3,9567,동작구,서울,2345,WEEKEND20,F,50대
5/1/25,호빵,베이커리,6개입,2,6789,종로구,서울,8901,NEWCUSTOMER,M,60대
5/1/25,핸드크림,헤어/바디/구강,100ml,1,9234,중구,서울,1234,,F,20대
5/1/25,미역국,국/반찬/메인요리,500g,4,13678,구로구,서울,5678,HEALTHY15,M,30대
5/1/25,따뜻한 죽,국/반찬/메인요리,200g,2,7890,금천구,서울,9012,,F,40대
5/1/25,미역국,국/반찬/메인요리,300g,3,11234,영등포구,서울,3456,,M,50대
5/2/25,오메가3,건강식품,1개,1,13567,서대문구,서울,7890,,F,60대
5/2/25,크로와상,베이커리,10개입,2,6234,강북구,서울,1234,,M,20대
5/2/25,비타민,건강식품,1개,3,37890,강서구,서울,5678,,F,30대
5/2/25,올리브오일,면/양념/오일,500ml,1,4567,중랑구,서울,8901,,M,40대
5/2/25,라떼,커피/차,330ml,2,8123,송파구,서울,2345,,F,50대
5/2/25,당근,채소,1kg,4,14789,마포구,서울,6789,,M,60대
5/2/25,프로폴리스,건강식품,250ml,1,11234,용산구,서울,9012,,F,20대
5/2/25,머핀,베이커리,4개입,2,6890,은평구,서울,3456,,M,30대
5/3/25,립밤,헤어/바디/구강,1개,1,8567,성북구,서울,7890,,F,40대
5/3/25,생강차,커피/차,250ml,3,11678,관악구,서울,1234,,M,50대
5/3/25,호두과자,베이커리,6개입,2,6345,동대문구,서울,5678,,F,60대
5/3/25,달걀,정육/가공육/달걀,1kg,4,25789,서초구,서울,8901,,M,20대
5/3/25,따뜻한 수프키트,간편식/밀키트/샐러드,300g,1,6234,광진구,서울,2345,,F,30대
5/3/25,김치찌개,국/반찬/메인요리,1개,2,7890,노원구,서울,6789,,M,40대
5/3/25,닭고기,정육/가공육/달걀,500g,3,19567,양천구,서울,9012,,F,50대
5/4/25,간장,면/양념/오일,250ml,1,3456,도봉구,서울,3456,,M,60대
5/4/25,유산균,건강식품,1개,2,25890,성동구,서울,7890,,F,20대
5/4/25,베이글,베이커리,1개,3,9234,종로구,서울,1234,,M,30대
5/4/25,양배추,채소,2kg,4,17678,중구,서울,5678,,F,40대
5/4/25,고추장,면/양념/오일,200g,1,4123,강남구,서울,8901,,M,50대
5/4/25,아메리카노,커피/차,500ml,2,8567,구로구,서울,2345,,F,60대
5/4/25,치즈,유제품,300g,3,11890,금천구,서울,6789,,M,20대
5/5/25,참기름,면/양념/오일,100ml,1,5234,영등포구,서울,9012,,F,30대
5/5/25,현미,과일/견과/쌀,1kg,2,9567,서대문구,서울,3456,,M,40대
5/5/25,우롱차,커피/차,1L,3,12890,동작구,서울,7890,,F,50대
5/5/25,상추,채소,200g,4,13234,강북구,서울,1234,,M,60대
5/5/25,된장,면/양념/오일,500g,1,4678,강서구,서울,5678,,F,20대
5/5/25,견과류믹스,과일/견과/쌀,300g,2,9123,중랑구,서울,8901,,M,30대
5/5/25,요거트,유제품,500ml,3,10567,송파구,서울,2345,,F,40대
5/6/25,카푸치노,커피/차,250ml,1,4234,마포구,서울,6789,,M,50대
5/6/25,브로콜리,채소,1개,2,7890,용산구,서울,9012,,F,60대
5/6/25,귤,과일/견과/쌀,1kg,3,13456,은평구,서울,3456,,M,20대
5/6/25,식빵,베이커리,1개,4,12789,성북구,서울,7890,,F,30대
5/6/25,우유,유제품,1L,1,5123,관악구,서울,1234,,M,40대
5/6/25,녹차,커피/차,330ml,2,8567,동대문구,서울,5678,,F,50대
5/6/25,양파,채소,500g,3,11234,서초구,서울,8901,,M,60대
5/7/25,쿨링젤,헤어/바디/구강,100ml,2,17890,광진구,서울,2345,,F,20대
5/7/25,아이스티,생수/음료,500ml,3,7234,노원구,서울,6789,,M,30대
5/7/25,참외,과일/견과/쌀,2kg,4,19567,양천구,서울,9012,,F,40대
5/7/25,과일젤리,간식/과자/떡,300g,1,4890,도봉구,서울,3456,,M,50대
5/7/25,탄산수,생수/음료,1L,2,5678,성동구,서울,7890,,F,60대
5/7/25,생선회,수산/해산/건어물,200g,3,11234,종로구,서울,1234,,M,20대
5/7/25,선크림,헤어/바디/구강,250ml,1,9567,중구,서울,5678,,F,30대
5/8/25,냉국수,간편식/밀키트/샐러드,1개,2,12890,강남구,서울,8901,,M,40대
5/8/25,체리,과일/견과/쌀,500g,3,15234,구로구,서울,2345,,F,50대
5/8/25,빙수재료,간식/과자/떡,1kg,4,18567,금천구,서울,6789,HEALTHY15,M,60대
5/8/25,샴푸,헤어/바디/구강,500ml,1,8123,영등포구,서울,9012,,F,20대
5/8/25,이온음료,생수/음료,330ml,2,6890,서대문구,서울,3456,SUMMER25,M,30대
5/8/25,문어,수산/해산/건어물,300g,3,12345,동작구,서울,7890,FRUITPROMO5,F,40대
5/8/25,포도,과일/견과/쌀,1kg,1,5678,강북구,서울,1234,FRESH10OFF,M,50대
5/9/25,따뜻한 바디워시,헤어/바디/구강,250ml,2,17234,강서구,서울,5678,WEEKEND20,F,60대
5/9/25,라면,간편식/밀키트/샐러드,1개,3,18567,중랑구,서울,8901,NEWCUSTOMER,M,20대
5/9/25,호빵,베이커리,4개입,1,3890,송파구,서울,2345,HEALTHY15,F,30대
5/9/25,유자차,커피/차,1L,2,8123,마포구,서울,6789,,M,40대
5/9/25,김치찌개키트,간편식/밀키트/샐러드,500g,4,23456,용산구,서울,9012,SUMMER25,F,50대
5/9/25,소고기,정육/가공육/달걀,300g,1,7890,은평구,서울,3456,FRUITPROMO5,M,60대
5/9/25,따뜻한 허브차,커피/차,250ml,3,11567,성북구,서울,7890,FRESH10OFF,F,20대
5/1/25,핸드크림,헤어/바디/구강,100ml,1,9092,영등포구,서울,9444,SUMMER25,F,50대
5/1/25,생강차,커피/차,250ml,3,12462,구로구,서울,1372,RAINY10,M,60대
5/1/25,김치찌개키트,간편식/밀키트/샐러드,300g,3,17049,강동구,서울,8786,,M,50대
5/1/25,보습크림,헤어/바디/구강,1개,1,9051,성동구,서울,6805,RAINY10,F,30대
5/1/25,닭고기,정육/가공육/달걀,200g,1,7838,광진구,서울,9918,NEWCUSTOMER,M,30대
5/1/25,생강차,커피/차,330ml,2,7619,동작구,서울,6666,NEWCUSTOMER,F,40대
5/1/25,김치찌개키트,간편식/밀키트/샐러드,300g,1,6148,양천구,서울,8382,HEALTHY15,M,20대
5/1/25,김치찌개키트,간편식/밀키트/샐러드,200g,1,5941,강북구,서울,6044,WEEKEND20,M,60대
5/2/25,양배추,채소,1개,2,7186,성동구,서울,8191,WEEKEND20,M,20대
5/2/25,귤,과일/견과/쌀,2kg,4,18650,동작구,서울,3605,HEALTHY15,F,30대
5/2/25,당근,채소,500g,3,9393,송파구,서울,2520,FRESH10OFF,M,50대
5/2/25,비타민,건강식품,500ml,4,49096,용산구,서울,4368,,M,50대
5/2/25,오메가3,건강식품,500ml,4,48553,노원구,서울,2380,SUMMER25,M,30대
5/2/25,베이글,베이커리,6개입,4,13053,영등포구,서울,2829,FRUITPROMO5,M,30대
5/2/25,아메리카노,커피/차,500ml,1,4795,동대문구,서울,7456,NEWCUSTOMER,F,30대
5/2/25,카푸치노,커피/차,250ml,3,10636,성동구,서울,2568,FRUITPROMO5,F,50대
5/3/25,찐빵,베이커리,10개입,4,12368,성북구,서울,1562,HEALTHY15,M,20대
5/3/25,햄,정육/가공육/달걀,500g,2,13062,관악구,서울,6331,FRUITPROMO5,M,50대
5/3/25,따뜻한 바디워시,헤어/바디/구강,1개,4,32211,광진구,서울,5882,HEALTHY15,M,50대
5/3/25,김치찌개키트,간편식/밀키트/샐러드,1kg,4,22144,서초구,서울,4496,NEWCUSTOMER,F,30대
5/3/25,립밤,헤어/바디/구강,250ml,1,9815,구로구,서울,8426,WEEKEND20,F,50대
5/3/25,홍차,커피/차,330ml,2,7028,강서구,서울,7724,WEEKEND20,M,40대
5/3/25,보습크림,헤어/바디/구강,250ml,1,8292,중랑구,서울,8322,WEEKEND20,M,30대
5/4/25,견과류믹스,과일/견과/쌀,2kg,1,4696,은평구,서울,7290,SUMMER25,F,30대
5/4/25,된장,면/양념/오일,200g,3,9806,구로구,서울,8853,RAINY10,F,30대
5/4/25,우롱차,커피/차,250ml,3,11080,동대문구,서울,9022,RAINY10,F,30대
5/4/25,녹차,커피/차,1L,3,12129,서대문구,서울,9704,FRUITPROMO5,F,30대
5/4/25,상추,채소,1kg,1,4951,동작구,서울,9291,NEWCUSTOMER,M,30대
5/4/25,라떼,커피/차,330ml,1,5180,용산구,서울,6729,SUMMER25,M,50대
5/4/25,크로와상,베이커리,4개입,3,9310,광진구,서울,4619,RAINY10,M,20대
5/5/25,식빵,베이커리,6개입,1,3584,도봉구,서울,4604,WEEKEND20,F,30대
5/5/25,양배추,채소,300g,3,10109,성북구,서울,1582,NEWCUSTOMER,F,40대
5/5/25,우유,유제품,200g,3,10429,동대문구,서울,8361,FRUITPROMO5,F,30대
5/5/25,스콘,베이커리,1개,1,3046,금천구,서울,8999,SUMMER25,M,60대
5/5/25,버터,유제품,1kg,3,9228,동대문구,서울,1177,RAINY10,F,30대
5/5/25,된장,면/양념/오일,1개,2,6002,동대문구,서울,4647,FRUITPROMO5,M,50대
5/5/25,상추,채소,500g,4,13990,강북구,서울,7797,,F,40대
5/6/25,녹차,커피/차,1L,2,7565,금천구,서울,7532,,F,40대
5/6/25,아메리카노,커피/차,330ml,2,7851,종로구,서울,3727,,M,40대
5/6/25,귤,과일/견과/쌀,500g,3,13863,중구,서울,1567,,F,60대
5/6/25,간장,면/양념/오일,1개,1,3841,성북구,서울,9999,,M,40대
5/6/25,버터,유제품,1개,1,3187,강동구,서울,4457,,F,30대
5/6/25,현미,과일/견과/쌀,2kg,3,12750,강남구,서울,6805,,F,50대
5/6/25,사과,과일/견과/쌀,2kg,2,9247,서대문구,서울,1356,,F,20대
5/7/25,과일젤리,간식/과자/떡,1kg,5,16076,중구,서울,7479,,F,50대
5/7/25,생수,생수/음료,330ml,3,7809,서초구,서울,4115,,M,20대
5/7/25,빙수재료,간식/과자/떡,300g,4,13348,강동구,서울,7189,,M,20대
5/7/25,탄산수,생수/음료,1L,4,9037,송파구,서울,6709,,M,60대
5/7/25,이온음료,생수/음료,330ml,2,5829,은평구,서울,9521,,F,50대
5/7/25,샐러드키트,간편식/밀키트/샐러드,1kg,2,12545,도봉구,서울,4286,,M,60대
5/7/25,수박,과일/견과/쌀,2kg,2,9482,광진구,서울,6474,,M,20대
5/8/25,포도,과일/견과/쌀,1kg,5,22040,양천구,서울,8886,,F,50대
5/8/25,문어,수산/해산/건어물,1kg,3,10375,광진구,서울,9382,,F,30대
5/8/25,수박,과일/견과/쌀,1kg,3,14319,영등포구,서울,1825,,F,30대
5/8/25,체리,과일/견과/쌀,1kg,3,13845,중랑구,서울,3052,,F,40대
5/8/25,젤리,간식/과자/떡,300g,5,15404,강남구,서울,5754,,M,50대
5/8/25,바디미스트,헤어/바디/구강,250ml,2,17241,도봉구,서울,5304,,M,60대
5/8/25,아이스크림,간식/과자/떡,200g,4,13280,동대문구,서울,3605,,M,30대
5/9/25,햄,정육/가공육/달걀,200g,3,18804,서초구,서울,7025,,F,60대
5/9/25,닭고기,정육/가공육/달걀,1kg,1,6004,은평구,서울,2658,,F,40대
5/9/25,우동키트,간편식/밀키트/샐러드,200g,2,11431,도봉구,서울,9335,,F,60대
5/9/25,김치찌개,국/반찬/메인요리,1개,3,10041,동대문구,서울,9299,,F,30대
5/9/25,미역국,국/반찬/메인요리,1kg,4,12481,관악구,서울,2606,,F,50대
5/9/25,김치찌개키트,간편식/밀키트/샐러드,500g,2,12335,광진구,서울,4135,,M,30대
5/9/25,미역국,국/반찬/메인요리,200g,2,6434,강남구,서울,7953,,F,30대
5/10/25,햄,정육/가공육/달걀,300g,3,18448,양천구,서울,7743,,M,50대
5/10/25,햄,정육/가공육/달걀,300g,4,24668,중랑구,서울,2908,,F,60대
5/10/25,찐빵,베이커리,6개입,4,12041,서초구,서울,4971,,M,50대
5/10/25,달걀,정육/가공육/달걀,1kg,2,12171,성동구,서울,3652,,F,20대
5/10/25,된장찌개,국/반찬/메인요리,1개,2,7580,관악구,서울,7763,,M,20대
5/10/25,홍차,커피/차,500ml,3,10635,마포구,서울,6113,,F,20대
5/10/25,립밤,헤어/바디/구강,100ml,4,33724,중구,서울,9166,,M,50대
5/11/25,젤리,간식/과자/떡,300g,4,13067,광진구,서울,1557,,M,60대
5/11/25,체리,과일/견과/쌀,1kg,1,5144,동작구,서울,3118,,F,20대
5/11/25,이온음료,생수/음료,500ml,4,9171,서초구,서울,6342,,M,30대
5/11/25,복숭아,과일/견과/쌀,500g,1,5522,강동구,서울,6538,,F,50대
5/11/25,바디미스트,헤어/바디/구강,250ml,2,17271,강서구,서울,3887,,M,50대
5/11/25,참외,과일/견과/쌀,500g,2,10056,금천구,서울,5236,,F,20대
5/11/25,냉면키트,간편식/밀키트/샐러드,500g,4,23374,강서구,서울,6797,,F,40대
5/12/25,참외,과일/견과/쌀,2kg,5,22917,금천구,서울,1151,,F,20대
5/12/25,복숭아,과일/견과/쌀,2kg,2,10323,강동구,서울,8328,,M,20대
5/12/25,포도,과일/견과/쌀,2kg,3,13830,서대문구,서울,1948,,F,60대
5/12/25,과일샐러드,간편식/밀키트/샐러드,200g,4,22701,은평구,서울,4591,,F,40대
5/12/25,탄산수,생수/음료,1L,4,9826,중구,서울,2540,,M,60대
5/12/25,포도,과일/견과/쌀,1kg,2,8766,은평구,서울,4359,,M,30대
5/12/25,젤리,간식/과자/떡,1개,4,13067,중구,서울,7877,,M,50대
5/13/25,젤리,간식/과자/떡,1개,4,12705,강북구,서울,6057,,M,50대
5/13/25,생선회,수산/해산/건어물,500g,3,9902,도봉구,서울,9558,,F,60대
5/13/25,새우,수산/해산/건어물,300g,5,15449,강남구,서울,8963,,F,20대
5/13/25,냉국수,간편식/밀키트/샐러드,200g,5,27636,동작구,서울,2752,,M,20대
5/13/25,샐러드키트,간편식/밀키트/샐러드,300g,2,12841,성동구,서울,3224,,F,40대
5/13/25,과일샐러드,간편식/밀키트/샐러드,500g,4,22837,동작구,서울,9195,,F,30대
5/13/25,체리,과일/견과/쌀,1개,3,13526,서대문구,서울,6984,,F,30대
5/14/25,샐러드키트,간편식/밀키트/샐러드,300g,4,23324,양천구,서울,8118,,F,60대
5/14/25,쿨링젤,헤어/바디/구강,500ml,5,40470,광진구,서울,1386,,F,50대
5/14/25,샴푸,헤어/바디/구강,250ml,3,25895,마포구,서울,7169,,F,60대
5/14/25,선크림,헤어/바디/구강,1개,2,17541,송파구,서울,2752,,M,20대
5/14/25,아이스크림,간식/과자/떡,1kg,3,10202,강동구,서울,9192,,F,40대
5/14/25,과일주스,생수/음료,330ml,5,11887,양천구,서울,7455,,F,20대
5/14/25,생선회,수산/해산/건어물,300g,3,10723,금천구,서울,3777,,M,20대
5/1/25,라면,간편식/밀키트/샐러드,1개,5,30295,서초구,서울,2274,,F,20대
5/1/25,볶음밥키트,간편식/밀키트/샐러드,150g,3,18717,영등포구,서울,2439,,F,30대
5/1/25,된장찌개,국/반찬/메인요리,1kg,2,6430,강동구,서울,9216,,M,20대
5/1/25,유자차,커피/차,250ml,2,9440,마포구,서울,2226,,F,50대
5/1/25,소고기,정육/가공육/달걀,150g,4,27115,구로구,서울,5214,,F,50대
5/1/25,카페라떼,커피/차,355ml,2,7755,관악구,서울,9088,,F,40대
5/1/25,우동키트,간편식/밀키트/샐러드,1kg,4,25174,성북구,서울,9352,,F,60대
5/1/25,따뜻한 수프키트,간편식/밀키트/샐러드,1kg,4,25792,중랑구,서울,3100,,M,50대
5/2/25,치즈,유제품,500g,3,10490,중구,서울,2044,,M,30대
5/2/25,크로와상,베이커리,1개,3,9745,관악구,서울,7274,,M,60대
5/2/25,라떼,커피/차,1L,2,9637,동작구,서울,4574,,M,40대
5/2/25,크로와상,베이커리,6개입,4,13378,강북구,서울,8241,,F,30대
5/2/25,된장,면/양념/오일,1kg,3,10342,양천구,서울,2911,,F,40대
5/2/25,버터,유제품,150g,5,15794,강북구,서울,2234,,M,60대
5/2/25,스콘,베이커리,10개입,3,10341,금천구,서울,2830,,M,50대
5/2/25,귤,과일/견과/쌀,1kg,3,15811,마포구,서울,5960,,M,60대
5/3/25,우동키트,간편식/밀키트/샐러드,200g,2,13156,은평구,서울,9977,,F,20대
5/3/25,김치찌개,국/반찬/메인요리,200g,2,8206,은평구,서울,8379,,F,50대
5/3/25,찐빵,베이커리,6개입,5,17737,강북구,서울,8364,,M,20대
5/3/25,모카,커피/차,500ml,1,3909,성동구,서울,6196,,M,30대
5/3/25,볶음밥키트,간편식/밀키트/샐러드,300g,1,7645,강동구,서울,1329,,M,40대
5/3/25,볶음밥키트,간편식/밀키트/샐러드,1개,3,18037,구로구,서울,6562,,M,50대
5/3/25,핸드크림,헤어/바디/구강,30정,4,34589,동대문구,서울,8852,,M,40대
5/4/25,카푸치노,커피/차,500ml,3,11928,송파구,서울,8338,,F,60대
5/4/25,사과,과일/견과/쌀,2kg,5,24983,은평구,서울,3898,,M,40대
5/4/25,비타민,건강식품,100ml,1,13174,금천구,서울,3955,,M,20대
5/4/25,치즈,유제품,1kg,4,13651,강북구,서울,4957,SUMMER25,F,20대
5/4/25,요거트,유제품,1개,4,12441,중랑구,서울,8159,,M,40대
5/4/25,베이글,베이커리,12개입,4,14635,양천구,서울,2090,FRESH10OFF,F,30대
5/4/25,백미,과일/견과/쌀,500g,1,6613,성동구,서울,8953,NEWCUSTOMER,M,40대
5/5/25,버터,유제품,1kg,1,4141,서대문구,서울,2086,NEWCUSTOMER,M,60대
5/5/25,백미,과일/견과/쌀,500g,5,22835,노원구,서울,5198,HEALTHY15,F,60대
5/5/25,식빵,베이커리,6개입,3,11324,강북구,서울,3276,FRESH10OFF,M,30대
5/5/25,시금치,채소,150g,2,6295,강북구,서울,7870,FRESH10OFF,M,50대
5/5/25,상추,채소,1개,1,3364,노원구,서울,2271,NEWCUSTOMER,M,40대
5/5/25,프로폴리스,건강식품,100ml,1,13141,강동구,서울,2687,SUMMER25,M,20대
5/5/25,크로와상,베이커리,6개입,1,3714,은평구,서울,8646,SUMMER25,F,30대
5/6/25,스콘,베이커리,10개입,4,12858,관악구,서울,8714,HEALTHY15,F,20대
5/6/25,간장,면/양념/오일,300g,1,4693,관악구,서울,5286,FRUITPROMO5,M,30대
5/6/25,프로폴리스,건강식품,30정,3,40271,양천구,서울,3247,FRESH10OFF,M,60대
5/6/25,카푸치노,커피/차,250ml,5,19312,성북구,서울,7610,FRESH10OFF,F,50대
5/6/25,귤,과일/견과/쌀,1개,1,6896,도봉구,서울,7015,FRUITPROMO5,M,30대
5/6/25,견과류믹스,과일/견과/쌀,1kg,2,10095,동대문구,서울,3214,WEEKEND20,F,40대
5/6/25,참기름,면/양념/오일,150g,4,14263,동작구,서울,6484,,F,60대
5/7/25,아이스바,간식/과자/떡,1개,4,13194,영등포구,서울,2657,HEALTHY15,F,30대
5/7/25,생수,생수/음료,355ml,3,8983,광진구,서울,3968,FRESH10OFF,M,50대
5/7/25,샴푸,헤어/바디/구강,150g,4,35182,용산구,서울,9380,,M,30대
5/7/25,아이스크림,간식/과자/떡,300g,5,15552,강동구,서울,3798,SPRING15,F,20대
5/7/25,새우,수산/해산/건어물,355ml,2,16003,성동구,서울,7693,RAINY10,M,40대
5/7/25,젤리,간식/과자/떡,6개입,5,17390,용산구,서울,8659,SUMMER25,M,60대
5/7/25,복숭아,과일/견과/쌀,500g,4,20122,마포구,서울,7476,SUMMER25,F,20대
5/8/25,바디미스트,헤어/바디/구강,100ml,3,27604,송파구,서울,5143,FRESH10OFF,F,50대
5/8/25,아이스바,간식/과자/떡,1개,6,19873,강북구,서울,9413,SUMMER25,F,20대
5/8/25,냉면키트,간편식/밀키트/샐러드,150g,6,37427,도봉구,서울,9266,HEALTHY15,M,60대
5/8/25,선크림,헤어/바디/구강,1개,6,51392,강동구,서울,3280,RAINY10,F,20대
5/8/25,빙수재료,간식/과자/떡,200g,2,6928,관악구,서울,5483,WEEKEND20,F,50대
5/8/25,샐러드키트,간편식/밀키트/샐러드,200g,2,12749,양천구,서울,3864,,M,40대
5/8/25,이온음료,생수/음료,500ml,3,7933,동작구,서울,9914,,F,60대
5/9/25,립밤,헤어/바디/구강,500ml,4,35059,은평구,서울,8717,,M,40대
5/9/25,핸드크림,헤어/바디/구강,250ml,3,26976,성북구,서울,4670,,M,60대
5/9/25,따뜻한 허브차,커피/차,355ml,2,9239,종로구,서울,1997,,M,40대
5/9/25,닭고기,정육/가공육/달걀,150g,4,26035,중구,서울,8606,,M,20대
5/9/25,따뜻한 죽,국/반찬/메인요리,1개,1,3620,성동구,서울,8150,,M,30대
5/9/25,햄,정육/가공육/달걀,300g,4,28350,중랑구,서울,9083,,F,60대
5/9/25,햄,정육/가공육/달걀,300g,3,20575,성동구,서울,1180,,M,40대
5/10/25,따뜻한 죽,국/반찬/메인요리,500g,3,11198,노원구,서울,4419,,M,30대
5/10/25,달걀,정육/가공육/달걀,500g,2,14031,금천구,서울,8071,,M,40대
5/10/25,따뜻한 수프키트,간편식/밀키트/샐러드,200g,2,12893,구로구,서울,3600,,F,50대
5/10/25,모카,커피/차,250ml,3,12558,강서구,서울,3343,,F,50대
5/10/25,미역국,국/반찬/메인요리,150g,3,10579,동작구,서울,3457,,F,40대
5/10/25,따뜻한 바디워시,헤어/바디/구강,100ml,1,8542,강서구,서울,7671,,F,40대
5/10/25,따뜻한 수프키트,간편식/밀키트/샐러드,200g,5,32057,강남구,서울,2910,,M,20대
5/11/25,냉면키트,간편식/밀키트/샐러드,250ml,5,31400,중랑구,서울,7448,,M,60대
5/11/25,이온음료,생수/음료,355ml,1,3048,마포구,서울,9515,,F,20대
5/11/25,메론,과일/견과/쌀,1kg,5,24691,동대문구,서울,7702,,M,60대
5/11/25,쿨링젤,헤어/바디/구강,1개,4,35086,동대문구,서울,6029,,F,20대
5/11/25,과일주스,생수/음료,1L,5,14985,동대문구,서울,1330,,F,30대
5/11/25,젤리,간식/과자/떡,500ml,4,16692,서대문구,서울,2898,,M,40대
5/11/25,생수,생수/음료,300g,1,3262,도봉구,서울,4701,,M,60대
5/12/25,콜드파스타,간편식/밀키트/샐러드,500g,6,36483,동대문구,서울,6759,,F,50대
5/12/25,냉면키트,간편식/밀키트/샐러드,200g,4,24061,은평구,서울,7519,,M,30대
5/12/25,수박,과일/견과/쌀,500g,3,15988,종로구,서울,4371,,M,40대
5/12/25,조개,수산/해산/건어물,300g,4,29667,도봉구,서울,4333,,F,60대
5/12/25,젤리,간식/과자/떡,150g,4,12182,강동구,서울,8702,,F,60대
5/12/25,아이스크림,간식/과자/떡,200g,2,8327,양천구,서울,7474,RAINY10,M,40대
5/12/25,젤리,간식/과자/떡,500g,3,10687,은평구,서울,2094,FRUITPROMO5,F,50대
5/13/25,문어,수산/해산/건어물,300g,3,23308,종로구,서울,5992,FRUITPROMO5,F,20대
5/13/25,바디미스트,헤어/바디/구강,1개,2,17044,광진구,서울,5447,HEALTHY15,M,30대
5/13/25,과일샐러드,간편식/밀키트/샐러드,1kg,3,20062,서대문구,서울,5469,FRUITPROMO5,M,60대
5/13/25,조개,수산/해산/건어물,200g,4,28021,관악구,서울,9392,FRUITPROMO5,F,40대
5/13/25,수박,과일/견과/쌀,1개,5,24035,서대문구,서울,2751,FRUITPROMO5,M,60대
5/13/25,쿨링젤,헤어/바디/구강,1개,4,34262,은평구,서울,3183,FRESH10OFF,F,20대
5/13/25,냉국수,간편식/밀키트/샐러드,200g,3,20494,구로구,서울,8174,NEWCUSTOMER,F,60대
5/14/25,선크림,헤어/바디/구강,1개,5,42707,강남구,서울,1477,FRUITPROMO5,M,20대
5/14/25,아이스티,생수/음료,1L,4,11991,강남구,서울,4932,SUMMER25,M,20대
5/14/25,냉면키트,간편식/밀키트/샐러드,1kg,5,32391,마포구,서울,5300,FRUITPROMO5,M,60대
5/14/25,과일샐러드,간편식/밀키트/샐러드,500g,3,19275,영등포구,서울,2715,,F,20대
5/14/25,탄산수,생수/음료,355ml,4,11581,영등포구,서울,7831,SPRING15,M,50대
5/14/25,스포츠음료,생수/음료,330ml,6,16546,서대문구,서울,6879,FRESH10OFF,M,30대
5/14/25,새우,수산/해산/건어물,1개,5,36949,구로구,서울,5363,,M,20대
5/1/25,소시지,정육/가공육/달걀,250g,1,8854,강동구,서울,7763,RAINY10,F,30대
5/1/25,감자탕,국/반찬/메인요리,250g,3,11415,서대문구,서울,1208,FRUITPROMO5,F,60대
5/1/25,곰탕키트,간편식/밀키트/샐러드,250g,5,33724,영등포구,서울,3088,FRESH10OFF,F,20대
5/1/25,따뜻한 수프키트,간편식/밀키트/샐러드,300g,4,28919,마포구,서울,8434,,M,30대
5/1/25,호두과자,베이커리,6개입,4,13843,중랑구,서울,6075,RAINY10,M,50대
5/1/25,닭고기,정육/가공육/달걀,200g,3,22306,강서구,서울,8976,WEEKEND20,F,30대
5/1/25,크림빵,베이커리,10개입,3,12630,강남구,서울,7876,SPRING15,F,60대
5/1/25,핸드크림,헤어/바디/구강,250ml,4,36694,관악구,서울,7603,NEWCUSTOMER,M,60대
5/2/25,식빵,베이커리,2개입,5,19646,강동구,서울,2060,NEWCUSTOMER,M,30대
5/2/25,양배추,채소,1kg,5,16826,강동구,서울,5584,FRUITPROMO5,M,30대
5/2/25,스콘,베이커리,12개입,4,14529,성북구,서울,5463,RAINY10,F,30대
5/2/25,버터,유제품,500g,1,3810,동작구,서울,9629,FRUITPROMO5,M,20대
5/2/25,머핀,베이커리,10개입,5,17516,종로구,서울,9487,,F,30대
5/2/25,녹차,커피/차,180ml,2,8206,도봉구,서울,6139,GOURMET20,M,20대
5/2/25,크림치즈,유제품,150g,3,11791,종로구,서울,1560,HEALTHY15,F,40대
5/2/25,녹차,커피/차,180ml,5,22211,금천구,서울,7884,FRUITPROMO5,M,40대
5/3/25,아메리카노,커피/차,500ml,5,21518,성동구,서울,9398,SPRING15,F,60대
5/3/25,베이컨,정육/가공육/달걀,200g,4,29112,도봉구,서울,4246,SUMMER25,F,60대
5/3/25,단팥빵,베이커리,6개입,2,9182,강서구,서울,3234,HEALTHY15,M,40대
5/3/25,따뜻한 수프키트,간편식/밀키트/샐러드,1개,2,14981,강남구,서울,2114,RAINY10,F,60대
5/3/25,모카,커피/차,1L,2,10207,양천구,서울,4390,SUMMER25,F,50대
5/3/25,호두과자,베이커리,12개입,5,18531,강북구,서울,4637,NEWCUSTOMER,M,50대
5/3/25,우동키트,간편식/밀키트/샐러드,300g,4,27401,동대문구,서울,9920,FRESH10OFF,M,30대
5/4/25,버터,유제품,500g,1,3786,도봉구,서울,6367,WEEKEND20,M,30대
5/4/25,버터,유제품,150g,2,7457,동대문구,서울,4538,SPRING15,F,60대
5/4/25,당근,채소,500g,3,11324,동작구,서울,3103,SPRING15,M,20대
5/4/25,그릭요거트,유제품,1개,1,6105,중랑구,서울,2754,HEALTHY15,F,60대
5/4/25,배,과일/견과/쌀,1개,4,20924,강서구,서울,7743,GOURMET20,M,20대
5/4/25,마요네즈,면/양념/오일,500g,5,17952,노원구,서울,4755,NEWCUSTOMER,F,30대
5/4/25,귤,과일/견과/쌀,3kg,3,16153,마포구,서울,6988,FRUITPROMO5,M,20대
5/5/25,케찹,면/양념/오일,1kg,1,4719,송파구,서울,5025,RAINY10,M,20대
5/5/25,페이스트리,베이커리,1개,1,4427,도봉구,서울,8466,FRUITPROMO5,F,50대
5/5/25,크림치즈,유제품,1개,3,11550,서대문구,서울,8316,FRUITPROMO5,F,40대
5/5/25,사과,과일/견과/쌀,500g,1,5739,강북구,서울,1118,WEEKEND20,F,50대
5/5/25,양배추,채소,1kg,1,3742,용산구,서울,3315,GOURMET20,F,40대
5/5/25,오트밀,과일/견과/쌀,2개,3,16039,중구,서울,2268,SPRING15,F,30대
5/5/25,피망,채소,300g,5,17529,구로구,서울,7306,GOURMET20,F,30대
5/6/25,치즈,유제품,150g,4,15716,관악구,서울,5819,FRUITPROMO5,M,50대
5/6/25,그릭요거트,유제품,200g,4,13160,송파구,서울,7670,HEALTHY15,M,60대
5/6/25,그릭요거트,유제품,200g,3,12551,중구,서울,5861,,M,60대
5/6/25,프로폴리스,건강식품,30정,4,56595,성동구,서울,5024,NEWCUSTOMER,M,30대
5/6/25,시금치,채소,1개,5,16292,종로구,서울,5163,GOURMET20,F,20대
5/6/25,상추,채소,1kg,2,7767,성동구,서울,9399,NEWCUSTOMER,M,60대
5/6/25,상추,채소,1개,2,7896,중랑구,서울,4366,FRUITPROMO5,F,60대
5/7/25,이온음료,생수/음료,1개,3,9943,중구,서울,2692,,F,40대
5/7/25,연어,수산/해산/건어물,250g,2,17632,양천구,서울,7343,WEEKEND20,F,40대
5/7/25,아이스바,간식/과자/떡,6개입,5,17878,영등포구,서울,5782,WEEKEND20,F,50대
5/7/25,냉면키트,간편식/밀키트/샐러드,250g,1,8261,중구,서울,4262,SPRING15,M,30대
5/7/25,아이스크림,간식/과자/떡,500g,5,17030,양천구,서울,9926,HEALTHY15,F,40대
5/7/25,탄산수,생수/음료,500ml,4,12505,중랑구,서울,3420,WEEKEND20,M,20대
5/7/25,아이스바,간식/과자/떡,355ml,5,17802,송파구,서울,9454,RAINY10,M,30대
5/8/25,코코넛워터,생수/음료,180ml,5,14764,동작구,서울,1913,WEEKEND20,M,50대
5/8/25,세정제,헤어/바디/구강,60정,2,20174,마포구,서울,7263,GOURMET20,M,30대
5/8/25,코코넛워터,생수/음료,250ml,5,14695,관악구,서울,6081,WEEKEND20,F,40대
5/8/25,과일주스,생수/음료,250ml,5,15800,노원구,서울,7626,RAINY10,M,30대
5/8/25,망고,과일/견과/쌀,1개,5,25058,양천구,서울,3257,GOURMET20,M,30대
5/8/25,연어,수산/해산/건어물,1개,2,16286,서대문구,서울,2884,SUMMER25,M,30대
5/8/25,콜드파스타,간편식/밀키트/샐러드,150g,3,22379,영등포구,서울,3101,RAINY10,M,50대
5/9/25,호두과자,베이커리,10개입,2,7895,중구,서울,3333,FRESH10OFF,F,60대
5/9/25,소시지,정육/가공육/달걀,200g,3,23513,성동구,서울,4004,SUMMER25,M,60대
5/9/25,소고기,정육/가공육/달걀,1kg,1,7409,용산구,서울,8942,GOURMET20,M,20대
5/9/25,햄,정육/가공육/달걀,1kg,1,7525,성동구,서울,5915,WEEKEND20,M,50대
5/9/25,단팥빵,베이커리,4개입,3,11324,도봉구,서울,9707,SUMMER25,F,40대
5/9/25,단팥빵,베이커리,4개입,2,6989,강남구,서울,9402,WEEKEND20,M,30대
5/9/25,찐빵,베이커리,1개,1,4250,송파구,서울,6590,GOURMET20,M,50대
5/10/25,핸드크림,헤어/바디/구강,250ml,3,27701,용산구,서울,6093,GOURMET20,F,50대
5/10/25,곰탕키트,간편식/밀키트/샐러드,200g,5,33885,관악구,서울,7303,,M,50대
5/10/25,김치찌개,국/반찬/메인요리,250g,1,3461,종로구,서울,9958,SUMMER25,F,50대
5/10/25,라면,간편식/밀키트/샐러드,1kg,5,34842,금천구,서울,1386,FRESH10OFF,F,60대
5/10/25,단팥빵,베이커리,2개입,4,14695,송파구,서울,6830,,F,60대
5/10/25,순두부찌개,국/반찬/메인요리,300g,4,13445,중랑구,서울,4462,,F,40대
5/10/25,보습로션,헤어/바디/구강,100ml,5,46453,성동구,서울,5250,NEWCUSTOMER,M,60대
5/11/25,콜라겐,건강식품,1개,3,44427,중랑구,서울,1854,NEWCUSTOMER,F,60대
5/11/25,수박,과일/견과/쌀,150g,5,25685,강북구,서울,5803,FRUITPROMO5,F,30대
5/11/25,연어,수산/해산/건어물,300g,5,39075,동대문구,서울,9312,,M,50대
5/11/25,새우,수산/해산/건어물,180ml,4,31404,은평구,서울,6408,,M,30대
5/11/25,참치,수산/해산/건어물,180ml,5,39454,성북구,서울,8824,WEEKEND20,F,30대
5/11/25,체리,과일/견과/쌀,3kg,5,26490,동대문구,서울,2860,SPRING15,M,30대
5/11/25,빙수재료,간식/과자/떡,1개,2,6434,종로구,서울,9966,SPRING15,F,30대
5/12/25,이온음료,생수/음료,500ml,3,9648,중구,서울,3066,SPRING15,M,60대
5/12/25,젤리,간식/과자/떡,300g,2,7219,성북구,서울,6736,SPRING15,F,30대
5/12/25,아이스티,생수/음료,330ml,3,8571,성북구,서울,7931,,M,40대
5/12/25,수박,과일/견과/쌀,1개,5,25419,노원구,서울,7802,SUMMER25,M,40대
5/12/25,아이스바,간식/과자/떡,150g,6,20192,구로구,서울,3847,SPRING15,F,40대
5/12/25,탄산수,생수/음료,1L,6,16534,강북구,서울,3518,SPRING15,M,60대
5/12/25,과일샐러드,간편식/밀키트/샐러드,150g,5,34977,성북구,서울,7343,RAINY10,F,30대
5/13/25,오징어,수산/해산/건어물,1개,5,38792,양천구,서울,9909,NEWCUSTOMER,F,30대
5/13/25,바디미스트,헤어/바디/구강,1개,4,38015,중구,서울,6503,RAINY10,F,20대
5/13/25,젤리,간식/과자/떡,1kg,4,15743,서대문구,서울,8367,HEALTHY15,M,30대
5/13/25,이온음료,생수/음료,1L,4,13198,강남구,서울,8282,,F,40대
5/13/25,과일샐러드,간편식/밀키트/샐러드,250g,4,27567,강서구,서울,1855,WEEKEND20,F,50대
5/13/25,새우,수산/해산/건어물,1개,2,16734,종로구,서울,4060,HEALTHY15,F,30대
5/13/25,콜드파스타,간편식/밀키트/샐러드,1kg,5,34673,성북구,서울,1595,GOURMET20,F,20대
5/14/25,프로즌요거트,간식/과자/떡,1개,4,12897,강북구,서울,7359,SPRING15,F,40대
5/14/25,콜드파스타,간편식/밀키트/샐러드,150g,5,33795,도봉구,서울,2969,GOURMET20,F,40대
5/14/25,포케볼,간편식/밀키트/샐러드,250g,5,33330,구로구,서울,7735,GOURMET20,M,20대
5/14/25,코코넛워터,생수/음료,330ml,6,18060,관악구,서울,4938,WEEKEND20,M,20대
5/14/25,바디미스트,헤어/바디/구강,250ml,3,27742,양천구,서울,6076,SUMMER25,F,40대
5/14/25,새우,수산/해산/건어물,250g,4,30516,중랑구,서울,2507,,M,30대
5/14/25,선크림,헤어/바디/구강,500ml,3,28357,강북구,서울,5126,,F,50대
5/1/25,우동키트,간편식/밀키트/샐러드,200g,6,45004,성북구,서울,8824,,M,50대
5/1/25,곰탕키트,간편식/밀키트/샐러드,300g,6,43685,강서구,서울,7304,,M,30대
5/1/25,볶음밥키트,간편식/밀키트/샐러드,200g,2,14732,중랑구,서울,6805,,M,30대
5/1/25,우동키트,간편식/밀키트/샐러드,2kg,1,8863,광진구,서울,1234,,M,60대
5/1/25,따뜻한 죽,국/반찬/메인요리,200g,2,9845,종로구,서울,4113,,M,60대
5/1/25,단팥빵,베이커리,1개,1,5449,강북구,서울,6943,,F,30대
5/1/25,따뜻한 바디워시,헤어/바디/구강,60정,5,49793,중구,서울,7289,,M,60대
5/1/25,따뜻한 허브차,커피/차,180ml,2,10273,중랑구,서울,4021,,M,20대
5/2/25,오트밀,과일/견과/쌀,1개,2,10302,관악구,서울,3488,,M,50대
5/2/25,콜드브루,커피/차,355ml,6,25560,동대문구,서울,4919,,M,40대
5/2/25,아이스커피,커피/차,355ml,1,7152,광진구,서울,5569,,F,30대
5/2/25,유산균,건강식품,500ml,1,16092,금천구,서울,4307,,F,40대
5/2/25,모짜렐라,유제품,1kg,2,8606,성동구,서울,9661,,M,40대
5/2/25,아메리카노,커피/차,355ml,2,8813,강서구,서울,9191,,M,30대
5/2/25,그릭요거트,유제품,1kg,4,14957,영등포구,서울,6468,,M,60대
5/2/25,올리브오일,면/양념/오일,1개,4,14359,강동구,서울,4668,,F,50대
5/3/25,감자탕,국/반찬/메인요리,1개,6,20861,성동구,서울,9119,,F,50대
5/3/25,따뜻한 수프키트,간편식/밀키트/샐러드,250g,5,37654,동작구,서울,9428,,F,60대
5/3/25,따뜻한 수프키트,간편식/밀키트/샐러드,250g,2,16193,중랑구,서울,1578,,F,40대
5/3/25,따뜻한 수프키트,간편식/밀키트/샐러드,1kg,1,10362,광진구,서울,1311,,M,30대
5/3/25,트리트먼트,헤어/바디/구강,30정,6,59749,성동구,서울,2986,,F,20대
5/3/25,생강차,커피/차,180ml,5,23091,동대문구,서울,4970,,M,30대
5/3/25,유자차,커피/차,500ml,5,23614,종로구,서울,8012,,M,40대
5/4/25,브리오슈,베이커리,1개,2,8727,중구,서울,1418,,M,60대
5/4/25,버터,유제품,500g,5,18862,서초구,서울,4448,,M,40대
5/4/25,베이글,베이커리,6개입,5,20358,은평구,서울,6459,VIP30,M,50대
5/4/25,케찹,면/양념/오일,500g,6,20575,강남구,서울,8934,FRUITPROMO5,M,30대
5/4/25,치즈,유제품,1kg,5,17715,강동구,서울,2427,VIP30,M,60대
5/4/25,배,과일/견과/쌀,1개,3,17801,도봉구,서울,1768,FRUITPROMO5,F,20대
5/4/25,페이스트리,베이커리,4개입,4,14681,도봉구,서울,3684,GOURMET20,F,30대
5/5/25,크림치즈,유제품,300g,4,15752,서대문구,서울,4571,RAINY10,M,30대
5/5/25,양배추,채소,200g,5,18106,영등포구,서울,5222,HEALTHY15,M,30대
5/5/25,식초,면/양념/오일,250g,2,7441,노원구,서울,6576,RAINY10,F,60대
5/5/25,브리오슈,베이커리,4개입,1,6939,구로구,서울,5870,SPRING15,F,50대
5/5/25,된장,면/양념/오일,500g,1,4531,강북구,서울,5487,HEALTHY15,F,50대
5/5/25,스콘,베이커리,6개입,1,6120,서초구,서울,4785,FRUITPROMO5,F,20대
5/5/25,페이스트리,베이커리,12개입,4,14827,용산구,서울,5823,NEWCUSTOMER,M,40대
5/6/25,고추장,면/양념/오일,1kg,3,10656,서초구,서울,5740,FRESH10OFF,F,60대
5/6/25,브로콜리,채소,300g,1,6135,성동구,서울,5376,RAINY10,F,40대
5/6/25,크로와상,베이커리,1개,4,15233,서대문구,서울,1221,FRUITPROMO5,F,30대
5/6/25,요거트,유제품,500g,5,17778,관악구,서울,5901,NEWCUSTOMER,F,30대
5/6/25,콜라겐,건강식품,60정,1,18274,서초구,서울,8272,SPRING15,M,50대
5/6/25,사과,과일/견과/쌀,2kg,4,20231,노원구,서울,3074,RAINY10,M,60대
5/6/25,홍삼,건강식품,500ml,3,47336,용산구,서울,2699,RAINY10,F,20대
5/7/25,탄산수,생수/음료,1kg,4,12047,중구,서울,6006,GOURMET20,M,20대
5/7/25,포케볼,간편식/밀키트/샐러드,1kg,3,23404,동대문구,서울,1364,FRESH10OFF,M,60대
5/7/25,망고,과일/견과/쌀,2kg,1,6964,서대문구,서울,5280,FRESH10OFF,M,60대
5/7/25,아이스크림,간식/과자/떡,150g,4,15017,강남구,서울,7370,RAINY10,M,50대
5/7/25,샐러드키트,간편식/밀키트/샐러드,10개입,4,29860,강동구,서울,6551,,F,50대
5/7/25,과일젤리,간식/과자/떡,500g,2,8011,용산구,서울,7512,,M,40대
5/7/25,망고,과일/견과/쌀,150g,6,33248,중구,서울,5721,,F,30대
5/8/25,스포츠음료,생수/음료,250ml,5,16341,서대문구,서울,1715,,F,30대
5/8/25,참치,수산/해산/건어물,250g,2,17606,영등포구,서울,9986,,M,30대
5/8/25,세정제,헤어/바디/구강,30정,2,19309,동대문구,서울,5442,,M,30대
5/8/25,과일주스,생수/음료,355ml,5,17455,은평구,서울,3767,,F,40대
5/8/25,생수,생수/음료,500ml,4,11990,영등포구,서울,5695,,M,50대
5/8/25,세정제,헤어/바디/구강,250ml,4,39813,서초구,서울,1427,,F,60대
5/8/25,문어,수산/해산/건어물,250g,4,34324,동작구,서울,8775,,F,40대
5/9/25,미역국,국/반찬/메인요리,200g,4,15354,중랑구,서울,8279,,M,30대
5/9/25,찐빵,베이커리,2개입,2,7584,관악구,서울,5374,,M,30대
5/9/25,우동키트,간편식/밀키트/샐러드,2kg,6,45379,중구,서울,2298,,F,20대
5/9/25,볶음밥키트,간편식/밀키트/샐러드,150g,4,31131,서초구,서울,1141,,M,40대
5/9/25,아메리카노,커피/차,355ml,6,28609,중랑구,서울,1263,,M,60대
5/9/25,핸드크림,헤어/바디/구강,100ml,5,49773,송파구,서울,5564,,F,50대
5/9/25,호빵,베이커리,8개입,2,10355,강남구,서울,2077,,F,20대
5/10/25,곰탕키트,간편식/밀키트/샐러드,1kg,5,37701,광진구,서울,4885,,F,40대
5/10/25,라면,간편식/밀키트/샐러드,1개,6,45363,강북구,서울,4887,,M,30대
5/10/25,베이컨,정육/가공육/달걀,150g,6,45472,동작구,서울,7144,,M,20대
5/10/25,유자차,커피/차,180ml,2,10282,영등포구,서울,9647,,F,50대
5/10/25,돼지고기,정육/가공육/달걀,150g,5,39607,중구,서울,9809,,M,20대
5/10/25,립밤,헤어/바디/구강,1개,2,21909,관악구,서울,1713,,F,20대
5/10/25,모카,커피/차,330ml,2,9620,은평구,서울,6401,,M,30대
5/11/25,젤리,간식/과자/떡,500g,4,13915,노원구,서울,5652,,M,60대
5/11/25,문어,수산/해산/건어물,300g,6,49715,중구,서울,6957,,F,30대
5/11/25,참외,과일/견과/쌀,3kg,5,27484,중랑구,서울,2990,,M,40대
5/11/25,연어,수산/해산/건어물,2kg,3,24079,광진구,서울,7351,,M,30대
5/11/25,셔벳,간식/과자/떡,2L,6,25060,중랑구,서울,4312,,M,60대
5/11/25,복숭아,과일/견과/쌀,300g,5,26310,서초구,서울,2136,,F,40대
5/11/25,레모네이드,생수/음료,2L,3,11425,광진구,서울,4827,FRUITPROMO5,M,20대
5/12/25,아이스바,간식/과자/떡,250g,7,25247,노원구,서울,8333,SPRING15,F,40대
5/12/25,회덮밥키트,간편식/밀키트/샐러드,2kg,4,30170,성북구,서울,8628,GOURMET20,F,60대
5/12/25,포도,과일/견과/쌀,3kg,4,20805,동대문구,서울,1205,FRUITPROMO5,M,30대
5/12/25,과일샐러드,간편식/밀키트/샐러드,500g,3,21703,도봉구,서울,7307,RAINY10,M,50대
5/12/25,바디미스트,헤어/바디/구강,60정,5,48043,강동구,서울,7179,,M,60대
5/12/25,키위,과일/견과/쌀,1kg,2,11519,영등포구,서울,1351,SUMMER25,F,40대
5/12/25,광어,수산/해산/건어물,500g,4,32212,중구,서울,4893,,F,30대
5/13/25,이온음료,생수/음료,355ml,5,15968,은평구,서울,5758,WEEKEND20,F,40대
5/13/25,과일샐러드,간편식/밀키트/샐러드,250g,7,49711,강동구,서울,9134,FRESH10OFF,M,30대
5/13/25,선크림,헤어/바디/구강,1개,6,60213,양천구,서울,4410,WEEKEND20,M,50대
5/13/25,아이스티,생수/음료,2L,4,11373,강북구,서울,3545,,F,40대
5/13/25,키위,과일/견과/쌀,500g,5,25514,금천구,서울,3162,FRESH10OFF,M,20대
5/13/25,프로즌요거트,간식/과자/떡,200g,4,15462,강동구,서울,5986,HEALTHY15,M,30대
5/13/25,조개,수산/해산/건어물,300g,4,34108,중구,서울,4159,SPRING15,F,50대
5/14/25,포케볼,간편식/밀키트/샐러드,300g,3,22326,중구,서울,7221,NEWCUSTOMER,F,50대
5/14/25,광어,수산/해산/건어물,300g,3,26366,영등포구,서울,3377,,M,30대
5/14/25,망고,과일/견과/쌀,500g,2,11734,용산구,서울,9162,,F,50대
5/1/25,삼계탕키트,간편식/밀키트/샐러드,500g,1,9760,마포구,서울,2147,,F,30대
5/1/25,김치찌개키트,간편식/밀키트/샐러드,200g,5,38551,구로구,서울,3577,,F,40대
5/1/25,햄,정육/가공육/달걀,300g,1,8271,서대문구,서울,7623,,F,60대
5/1/25,호두과자,베이커리,16개입,1,4395,강북구,서울,3474,,F,60대
5/1/25,따뜻한 죽,국/반찬/메인요리,250g,4,15664,성북구,서울,8022,,M,40대
5/1/25,라면,간편식/밀키트/샐러드,150g,1,7500,송파구,서울,8528,,F,30대
5/1/25,생강차,커피/차,1L,3,16621,금천구,서울,7563,,M,30대
5/1/25,된장찌개,국/반찬/메인요리,1kg,3,13618,용산구,서울,6747,,F,60대
5/2/25,단백질파우더,건강식품,100ml,6,99095,광진구,서울,1421,,F,60대
5/2/25,도넛,베이커리,10개입,1,5622,금천구,서울,6972,,M,30대
5/2/25,케찹,면/양념/오일,300g,4,14681,서초구,서울,6875,,F,20대
5/2/25,오메가3,건강식품,90정,3,48071,종로구,서울,8923,,F,60대
5/2/25,단백질파우더,건강식품,120정,6,98182,광진구,서울,5243,,M,50대
5/2/25,브로콜리,채소,200g,2,9145,종로구,서울,3693,,F,40대
5/2/25,콜드브루,커피/차,180ml,4,20813,강서구,서울,3120,,M,60대
5/2/25,카푸치노,커피/차,2L,5,24659,종로구,서울,9984,,M,30대
5/3/25,돼지고기,정육/가공육/달걀,3kg,3,24386,구로구,서울,6688,,F,40대
5/3/25,따뜻한 바디워시,헤어/바디/구강,500ml,4,41784,서대문구,서울,1015,,F,60대
5/3/25,단팥빵,베이커리,16개입,1,7342,종로구,서울,6237,,M,30대
5/3/25,홍차,커피/차,330ml,5,22101,강동구,서울,1002,,F,50대
5/3/25,치즈빵,베이커리,12개입,1,5432,강동구,서울,9822,,M,20대
5/3/25,베이컨,정육/가공육/달걀,250g,1,9664,은평구,서울,4733,,M,60대
5/3/25,보습크림,헤어/바디/구강,60정,5,53691,관악구,서울,9620,,F,60대
5/4/25,프로폴리스,건강식품,60정,6,97077,중랑구,서울,4933,,M,20대
5/4/25,시금치,채소,2kg,6,24208,종로구,서울,2782,,M,50대
5/4/25,단백질파우더,건강식품,1개,1,17646,광진구,서울,6910,,M,30대
5/4/25,아이스커피,커피/차,330ml,5,25614,용산구,서울,5656,,M,30대
5/4/25,귤,과일/견과/쌀,5kg,6,34251,서대문구,서울,3496,,F,40대
5/4/25,아이스커피,커피/차,2L,2,9921,성동구,서울,1715,,F,50대
5/4/25,라떼,커피/차,330ml,1,6299,강남구,서울,7810,,F,50대
5/5/25,토마토,채소,200g,5,21053,중랑구,서울,8832,,F,30대
5/5/25,식빵,베이커리,4개입,3,13425,구로구,서울,1097,,M,20대
5/5/25,베이글,베이커리,10개입,2,10507,서대문구,서울,1784,,F,20대
5/5/25,귤,과일/견과/쌀,2개,5,28157,강동구,서울,4700,,F,40대
5/5/25,모짜렐라,유제품,3kg,3,13350,동대문구,서울,2749,,F,50대
5/5/25,사과,과일/견과/쌀,5kg,6,31737,은평구,서울,3798,,F,40대
5/5/25,간장,면/양념/오일,2kg,3,13403,서대문구,서울,7244,,M,50대
5/6/25,당근,채소,1개,4,16100,마포구,서울,8247,,F,30대
5/6/25,크로와상,베이커리,1개,6,23299,동대문구,서울,9242,,M,20대
5/6/25,그릭요거트,유제품,500g,4,18191,양천구,서울,2386,,F,50대
5/6/25,콜드브루,커피/차,1.5L,3,14925,노원구,서울,2669,,M,50대
5/6/25,아몬드,과일/견과/쌀,3kg,5,29883,광진구,서울,2776,,M,30대
5/6/25,그릭요거트,유제품,1개,6,24301,중구,서울,4718,,M,30대
5/6/25,시나몬롤,베이커리,4개입,1,7679,서초구,서울,2714,,F,30대
5/7/25,스포츠음료,생수/음료,90정,3,9478,동작구,서울,7536,,M,20대
5/7/25,소르베,간식/과자/떡,8개입,3,11971,동작구,서울,2083,,M,60대
5/7/25,참외,과일/견과/쌀,200g,3,18271,구로구,서울,7062,,M,50대
5/7/25,아이스바,간식/과자/떡,200g,3,13189,성동구,서울,7532,,F,50대
5/7/25,콜드파스타,간편식/밀키트/샐러드,1개,2,17519,마포구,서울,8363,,F,40대
5/7/25,소르베,간식/과자/떡,1kg,6,27013,서초구,서울,1625,,F,40대
5/7/25,문어,수산/해산/건어물,30정,4,37548,마포구,서울,6552,,M,40대
5/8/25,코코넛워터,생수/음료,250ml,4,13691,서초구,서울,7500,,M,60대
5/8/25,연어,수산/해산/건어물,3kg,7,61668,은평구,서울,7387,,M,40대
5/8/25,참외,과일/견과/쌀,2개,2,13971,마포구,서울,3865,,M,60대
5/8/25,아이스바,간식/과자/떡,200g,2,9719,구로구,서울,4531,,F,60대
5/8/25,스포츠음료,생수/음료,180ml,3,10285,마포구,서울,6036,,M,40대
5/8/25,파인애플,과일/견과/쌀,1개,4,21512,성북구,서울,9966,,M,20대
5/8/25,연어,수산/해산/건어물,1개,3,26640,용산구,서울,7603,,M,40대
5/9/25,마테차,커피/차,500ml,2,9950,종로구,서울,9977,,F,20대
5/9/25,초콜릿빵,베이커리,8개입,2,8307,도봉구,서울,3050,,M,30대
5/9/25,찐빵,베이커리,6개입,1,6674,중구,서울,3601,,F,60대
5/9/25,크림빵,베이커리,10개입,1,4825,중구,서울,7587,,F,20대
5/9/25,치즈빵,베이커리,10개입,2,8421,서초구,서울,8253,,M,50대
5/9/25,따뜻한 죽,국/반찬/메인요리,200g,6,23204,중랑구,서울,7142,,M,60대
5/9/25,소시지,정육/가공육/달걀,1kg,3,25530,종로구,서울,2111,,F,60대
5/10/25,감자탕,국/반찬/메인요리,1kg,5,21700,도봉구,서울,4692,,F,30대
5/10/25,유자차,커피/차,500ml,1,5965,강서구,서울,8213,,F,60대
5/10/25,루이보스차,커피/차,1L,2,11505,중구,서울,2162,SPRING15,F,30대
5/10/25,카페라떼,커피/차,2L,6,27932,동작구,서울,2898,FRESH10OFF,M,30대
5/10/25,찐빵,베이커리,2개입,5,19794,성북구,서울,7034,NEWCUSTOMER,M,50대
5/10/25,모카,커피/차,500ml,3,15630,노원구,서울,9984,HEALTHY15,F,60대
5/10/25,립밤,헤어/바디/구강,250ml,5,52765,마포구,서울,9703,RAINY10,F,30대
5/11/25,스무디,생수/음료,500g,6,20376,중구,서울,9727,GOURMET20,M,40대
5/11/25,참치,수산/해산/건어물,1kg,6,53567,중구,서울,4675,RAINY10,F,20대
5/11/25,아이스티,생수/음료,12개입,2,8036,강서구,서울,7028,VIP30,F,50대
5/11/25,이온음료,생수/음료,12개입,5,17667,영등포구,서울,2689,,F,20대
5/11/25,스포츠음료,생수/음료,300g,4,13029,강서구,서울,7750,PREMIUM15,F,20대
5/11/25,빙수재료,간식/과자/떡,1개,2,8313,동대문구,서울,5036,VIP30,F,40대
5/11/25,생수,생수/음료,6개입,6,20384,구로구,서울,5881,NEWCUSTOMER,F,30대
5/12/25,과일주스,생수/음료,330ml,6,20605,도봉구,서울,5004,SPRING15,M,20대
5/12/25,포케볼,간편식/밀키트/샐러드,200g,5,41082,서초구,서울,6147,WEEKEND20,F,60대
5/12/25,메론,과일/견과/쌀,3kg,7,37548,용산구,서울,7027,SUMMER25,F,40대
5/12/25,냉면키트,간편식/밀키트/샐러드,3kg,6,48318,구로구,서울,2001,HEALTHY15,F,40대
5/12/25,빙수재료,간식/과자/떡,3kg,3,13319,노원구,서울,1852,VIP30,F,30대
5/12/25,쿨링젤,헤어/바디/구강,250ml,3,30601,성동구,서울,2015,HEALTHY15,M,50대
5/12/25,냉면키트,간편식/밀키트/샐러드,250g,7,55178,광진구,서울,2860,SPRING15,M,20대
5/13/25,자외선차단제,헤어/바디/구강,250ml,3,32886,용산구,서울,3589,FRESH10OFF,F,40대
5/13/25,회덮밥키트,간편식/밀키트/샐러드,200g,6,47974,서대문구,서울,9926,FRUITPROMO5,M,30대
5/13/25,파인애플,과일/견과/쌀,4개,2,10516,영등포구,서울,5244,GOURMET20,M,40대
5/13/25,전복,수산/해산/건어물,200g,4,37070,광진구,서울,1325,SUMMER25,F,60대
5/13/25,참치,수산/해산/건어물,150g,2,18044,은평구,서울,7128,NEWCUSTOMER,F,50대
5/13/25,망고,과일/견과/쌀,2개,5,29813,강서구,서울,8124,SUMMER25,F,30대
5/13/25,냉국수,간편식/밀키트/샐러드,300g,4,33659,도봉구,서울,2089,WEEKEND20,F,20대
5/14/25,냉국수,간편식/밀키트/샐러드,3kg,2,17743,동작구,서울,3265,GOURMET20,F,60대
5/14/25,조개,수산/해산/건어물,250g,2,20764,중구,서울,8789,FRUITPROMO5,M,60대
5/1/25,페이스크림,헤어/바디/구강,180정,1,10753,구로구,서울,5522,NEWCUSTOMER,M,40대
5/1/25,육개장,국/반찬/메인요리,3kg,1,3846,구로구,서울,5698,GOURMET20,F,50대
5/1/25,따뜻한 바디워시,헤어/바디/구강,1개,4,46200,종로구,서울,2758,FRUITPROMO5,M,40대
5/1/25,팥빵,베이커리,6개입,4,16809,도봉구,서울,9286,VIP30,M,40대
5/1/25,페이스크림,헤어/바디/구강,250ml,2,23216,용산구,서울,4814,ORGANIC20,F,40대
5/1/25,초콜릿빵,베이커리,1개,6,26124,도봉구,서울,2640,NEWCUSTOMER,F,30대
5/1/25,아메리카노,커피/차,330ml,7,34003,성북구,서울,9727,ORGANIC20,F,30대
5/1/25,김치찌개키트,간편식/밀키트/샐러드,300g,7,56103,금천구,서울,3932,FRESH10OFF,F,30대
5/2/25,상추,채소,150g,7,27205,금천구,서울,2412,HEALTHY15,F,20대
5/2/25,시나몬롤,베이커리,16개입,7,30615,강북구,서울,8785,SUMMER25,F,60대
5/2/25,우유,유제품,200g,1,4539,관악구,서울,1537,ORGANIC20,M,40대
5/2/25,우롱차,커피/차,250ml,1,7293,도봉구,서울,5749,GOURMET20,F,50대
5/2/25,당근,채소,150g,3,11516,광진구,서울,2202,GOURMET20,M,30대
5/2/25,프로폴리스,건강식품,30정,4,71854,종로구,서울,2723,,M,30대
5/2/25,체다치즈,유제품,150g,7,28821,동작구,서울,2117,RAINY10,F,20대
5/2/25,페이스트리,베이커리,10개입,6,26415,광진구,서울,5295,FRESH10OFF,M,30대
5/3/25,김치찌개키트,간편식/밀키트/샐러드,1개,4,32128,서대문구,서울,2008,GOURMET20,M,20대
5/3/25,카페라떼,커피/차,330ml,6,31020,관악구,서울,7072,NEWCUSTOMER,F,60대
5/3/25,보습크림,헤어/바디/구강,60정,2,25382,영등포구,서울,9451,FRUITPROMO5,F,20대
5/3/25,마테차,커피/차,1L,5,26479,영등포구,서울,8758,,F,60대
5/3/25,갈비탕,국/반찬/메인요리,3kg,3,14453,성동구,서울,7365,VIP30,F,50대
5/3/25,달걀,정육/가공육/달걀,250g,1,10004,동작구,서울,4917,NEWCUSTOMER,M,40대
5/3/25,호빵,베이커리,4개입,2,8318,송파구,서울,6068,GOURMET20,M,40대
5/4/25,양파,채소,3kg,3,14315,도봉구,서울,7203,SPRING15,F,30대
5/4/25,식초,면/양념/오일,300g,2,10096,강남구,서울,9732,FRESH10OFF,M,60대
5/4/25,크림치즈,유제품,400g,4,16261,성동구,서울,7660,HEALTHY15,F,30대
5/4/25,상추,채소,2kg,2,10969,중랑구,서울,2092,ORGANIC20,F,20대
5/4/25,마그네슘,건강식품,1개,1,17559,용산구,서울,9291,SUMMER25,M,50대
5/4/25,글루타민,건강식품,250ml,5,87116,강남구,서울,8815,FRUITPROMO5,F,30대
5/4/25,올리브오일,면/양념/오일,1kg,1,6122,동대문구,서울,4347,NEWCUSTOMER,M,30대
5/5/25,마그네슘,건강식품,180정,3,53739,송파구,서울,7348,NEWCUSTOMER,F,50대
5/5/25,오메가3,건강식품,60정,6,105980,은평구,서울,8519,VIP30,F,30대
5/5/25,토마토,채소,400g,2,7622,마포구,서울,7063,NEWCUSTOMER,M,50대
5/5/25,오메가3,건강식품,250ml,2,36554,도봉구,서울,4510,VIP30,F,20대
5/5/25,유산균,건강식품,500ml,3,52169,성북구,서울,2517,VIP30,F,20대
5/5/25,현미,과일/견과/쌀,4개,3,20360,양천구,서울,2666,GOURMET20,F,20대
5/5/25,까망베르,유제품,500g,1,6075,강북구,서울,7644,WEEKEND20,M,60대
5/6/25,글루타민,건강식품,90정,1,17013,도봉구,서울,8611,FRUITPROMO5,F,20대
5/6/25,오이,채소,200g,1,6924,서초구,서울,6693,SUMMER25,M,60대
5/6/25,백미,과일/견과/쌀,1kg,3,19061,마포구,서울,8704,NEWCUSTOMER,M,60대
5/6/25,된장,면/양념/오일,3kg,1,7389,서초구,서울,7699,HEALTHY15,F,40대
5/6/25,모짜렐라,유제품,200g,5,19405,용산구,서울,4250,HEALTHY15,F,60대
5/6/25,참기름,면/양념/오일,400g,3,13628,성북구,서울,4677,RAINY10,M,50대
5/6/25,홍삼,건강식품,90정,4,72104,용산구,서울,4040,WEEKEND20,M,40대
5/7/25,빙과류,간식/과자/떡,250g,3,12695,양천구,서울,9050,RAINY10,M,40대
5/7/25,자두,과일/견과/쌀,1개,3,19733,강남구,서울,2992,RAINY10,M,30대
5/7/25,가리비,수산/해산/건어물,90정,2,19142,중구,서울,3839,WEEKEND20,M,60대
5/7/25,셔벳,간식/과자/떡,180정,2,15963,중구,서울,8887,SPRING15,F,50대
5/7/25,생수,생수/음료,355ml,1,5644,성북구,서울,4088,PREMIUM15,M,60대
5/7/25,콘샐러드,간편식/밀키트/샐러드,1kg,3,26087,종로구,서울,3155,,M,20대
5/7/25,레모네이드,생수/음료,250ml,5,19793,도봉구,서울,2372,,F,40대
5/8/25,과일샐러드,간편식/밀키트/샐러드,250g,2,18933,동대문구,서울,2484,SPRING15,F,30대
5/8/25,스포츠음료,생수/음료,1.5L,5,20083,은평구,서울,7250,FRESH10OFF,F,40대
5/8/25,포도,과일/견과/쌀,6개,2,12722,동작구,서울,5024,WEEKEND20,F,60대
5/8/25,냉면키트,간편식/밀키트/샐러드,400g,5,41685,마포구,서울,9943,WEEKEND20,F,60대
5/8/25,자두,과일/견과/쌀,2kg,6,36719,양천구,서울,1930,WEEKEND20,M,60대
5/8/25,회덮밥키트,간편식/밀키트/샐러드,200g,6,51866,성북구,서울,8110,SPRING15,F,50대
5/8/25,애프터선,헤어/바디/구강,100ml,8,84156,성북구,서울,5871,HEALTHY15,M,60대
5/9/25,호두과자,베이커리,4개입,7,29496,성북구,서울,7342,RAINY10,M,20대
5/9/25,따뜻한 바디워시,헤어/바디/구강,100ml,7,75751,강서구,서울,4873,SPRING15,F,20대
5/9/25,붕어빵,베이커리,12개입,4,20243,종로구,서울,4278,,M,20대
5/9/25,순두부찌개,국/반찬/메인요리,3kg,6,24157,용산구,서울,9219,NEWCUSTOMER,F,30대
5/9/25,계란,정육/가공육/달걀,300g,1,10581,구로구,서울,1652,NEWCUSTOMER,F,30대
5/9/25,소시지,정육/가공육/달걀,300g,3,29207,강북구,서울,3772,SUMMER25,M,30대
5/9/25,에센스,헤어/바디/구강,30정,4,42140,성북구,서울,9688,RAINY10,F,40대
5/10/25,설렁탕,국/반찬/메인요리,150g,4,18931,구로구,서울,5533,PREMIUM15,F,60대
5/10/25,김치찌개키트,간편식/밀키트/샐러드,300g,6,49344,도봉구,서울,4118,WEEKEND20,M,50대
5/10/25,따뜻한 수프키트,간편식/밀키트/샐러드,300g,5,44329,광진구,서울,8341,ORGANIC20,F,60대
5/10/25,유자차,커피/차,250ml,3,14470,광진구,서울,4363,NEWCUSTOMER,M,40대
5/10/25,감자탕,국/반찬/메인요리,1kg,4,16025,노원구,서울,5048,SPRING15,M,40대
5/10/25,갈비탕,국/반찬/메인요리,3kg,3,14699,양천구,서울,6430,,F,40대
5/10/25,볶음밥키트,간편식/밀키트/샐러드,500g,7,59247,강동구,서울,5272,ORGANIC20,M,60대
5/11/25,스무디,생수/음료,2개,5,20544,관악구,서울,8660,FRUITPROMO5,M,40대
5/11/25,포케볼,간편식/밀키트/샐러드,1.5L,5,42049,광진구,서울,3857,RAINY10,F,50대
5/11/25,과일젤리,간식/과자/떡,4개입,6,26654,금천구,서울,6657,FRUITPROMO5,F,20대
5/11/25,생수,생수/음료,1kg,3,12653,노원구,서울,1993,PREMIUM15,M,50대
5/11/25,콜드파스타,간편식/밀키트/샐러드,500ml,5,42541,은평구,서울,3675,HEALTHY15,M,60대
5/11/25,체리,과일/견과/쌀,1kg,5,29636,종로구,서울,4070,ORGANIC20,F,50대
5/11/25,이온음료,생수/음료,2L,5,19000,중구,서울,2822,HEALTHY15,M,20대
5/12/25,과일젤리,간식/과자/떡,1kg,8,33727,중구,서울,3882,FRUITPROMO5,M,40대
5/12/25,키위,과일/견과/쌀,2개,3,18302,용산구,서울,5129,WEEKEND20,F,30대
5/12/25,아이스바,간식/과자/떡,150g,8,30468,양천구,서울,8343,GOURMET20,F,40대
5/12/25,자외선차단제,헤어/바디/구강,500ml,6,66899,영등포구,서울,1567,GOURMET20,M,20대
5/12/25,쿨링젤,헤어/바디/구강,90정,4,45044,서대문구,서울,2286,SUMMER25,F,20대
5/12/25,키위,과일/견과/쌀,500g,2,13143,성북구,서울,7319,FRESH10OFF,F,40대
5/12/25,셔벳,간식/과자/떡,1개,8,33799,광진구,서울,4448,WEEKEND20,M,50대
5/13/25,가리비,수산/해산/건어물,500g,6,55975,구로구,서울,8809,ORGANIC20,F,30대
5/13/25,수박,과일/견과/쌀,2개,3,18470,은평구,서울,8659,VIP30,M,20대
5/13/25,아이스크림,간식/과자/떡,500g,2,7788,성북구,서울,2465,NEWCUSTOMER,M,30대
5/13/25,오징어,수산/해산/건어물,300g,4,37112,광진구,서울,5784,VIP30,F,60대
5/13/25,선크림,헤어/바디/구강,100ml,7,74934,성동구,서울,3375,RAINY10,M,60대
5/1/25,계란,정육/가공육/달걀,300g,4,36347,성동구,서울,3824,FAMILY25,F,20대
5/1/25,소시지,정육/가공육/달걀,2kg,4,40005,영등포구,서울,2680,RAINY10,M,40대
5/1/25,우동키트,간편식/밀키트/샐러드,300g,3,28069,마포구,서울,9108,FRUITPROMO5,M,40대
5/1/25,핸드크림,헤어/바디/구강,120정,2,24375,영등포구,서울,4885,HEALTHY15,M,40대
5/1/25,곰탕키트,간편식/밀키트/샐러드,1kg,4,36398,영등포구,서울,3267,FAMILY25,M,50대
5/1/25,달걀,정육/가공육/달걀,200g,5,45308,강북구,서울,8154,NEWCUSTOMER,M,50대
5/1/25,카페라떼,커피/차,750ml,5,24132,서대문구,서울,3328,WEEKEND20,M,60대
5/1/25,삼계탕키트,간편식/밀키트/샐러드,400g,1,10961,영등포구,서울,9068,FRESH10OFF,F,50대
5/2/25,잣,과일/견과/쌀,1kg,3,18184,강서구,서울,5416,NEWCUSTOMER,F,60대
5/2/25,홍삼,건강식품,250ml,7,127785,광진구,서울,7551,FAMILY25,F,60대
5/2/25,아메리카노,커피/차,2L,6,30375,성북구,서울,6676,RAINY10,F,20대
5/2/25,당근,채소,600g,2,8600,은평구,서울,9301,WEEKEND20,F,50대
5/2/25,드립커피,커피/차,250ml,2,11564,동대문구,서울,6674,SUMMER25,M,20대
5/2/25,아이스커피,커피/차,330ml,3,16295,금천구,서울,9051,HEALTHY15,F,60대
5/2/25,글루타민,건강식품,120정,2,39583,금천구,서울,7259,ORGANIC20,M,30대
5/2/25,귤,과일/견과/쌀,500g,1,10390,종로구,서울,1777,,M,50대
5/3/25,마테차,커피/차,750ml,7,35560,은평구,서울,2052,WEEKEND20,F,30대
5/3/25,마테차,커피/차,750ml,3,17584,강동구,서울,4653,HEALTHY15,F,30대
5/3/25,베이컨,정육/가공육/달걀,400g,3,29349,강북구,서울,4770,RAINY10,F,60대
5/3/25,바디오일,헤어/바디/구강,120정,1,12162,송파구,서울,2529,HEALTHY15,M,20대
5/3/25,캐모마일차,커피/차,355ml,4,20956,양천구,서울,8825,FAMILY25,M,20대
5/3/25,소고기,정육/가공육/달걀,250g,3,31586,은평구,서울,7700,HEALTHY15,M,30대
5/3/25,찐빵,베이커리,2개입,2,10841,광진구,서울,3679,RAINY10,M,30대
5/4/25,피망,채소,200g,1,5483,중구,서울,9862,GOURMET20,F,60대
5/4/25,아연,건강식품,90정,8,148660,강남구,서울,1504,FAMILY25,F,50대
5/4/25,까망베르,유제품,1개,7,28675,종로구,서울,9777,FRESH10OFF,F,20대
5/4/25,에스프레소,커피/차,2L,4,22141,서대문구,서울,2585,SPRING15,F,30대
5/4/25,토마토,채소,1개,6,28759,은평구,서울,1945,SUMMER25,F,60대
5/4/25,까망베르,유제품,500g,1,6926,영등포구,서울,5723,NEWCUSTOMER,M,50대
5/4/25,디종머스타드,면/양념/오일,300g,6,25154,성북구,서울,1733,VIP30,F,50대
5/5/25,버터,유제품,500g,6,24873,노원구,서울,4048,NEWCUSTOMER,M,30대
5/5/25,케찹,면/양념/오일,200g,5,24901,강북구,서울,2145,NEWCUSTOMER,M,40대
5/5/25,오메가3,건강식품,100ml,1,20211,동대문구,서울,2568,HEALTHY15,M,30대
5/5/25,마그네슘,건강식품,30정,8,146533,관악구,서울,1075,FAMILY25,M,30대
5/5/25,식빵,베이커리,2개입,7,31729,용산구,서울,6886,GOURMET20,M,40대
5/5/25,리코타,유제품,250g,5,22881,종로구,서울,1791,NEWCUSTOMER,M,30대
5/5/25,모짜렐라,유제품,600g,6,28983,관악구,서울,3309,ORGANIC20,F,20대
5/6/25,아메리카노,커피/차,300ml,4,20641,용산구,서울,9812,ORGANIC20,F,50대
5/6/25,잣,과일/견과/쌀,5kg,1,9493,광진구,서울,1873,ORGANIC20,F,50대
5/6/25,호두,과일/견과/쌀,2kg,8,47881,성동구,서울,6789,HEALTHY15,M,50대
5/6/25,치즈,유제품,150g,1,4704,금천구,서울,7502,NEWCUSTOMER,M,60대
5/6/25,우롱차,커피/차,500ml,8,38431,성북구,서울,4642,PREMIUM15,F,60대
5/6/25,케찹,면/양념/오일,300g,8,32926,강서구,서울,3575,SUMMER25,M,40대
5/6/25,우롱차,커피/차,250ml,3,17199,금천구,서울,6472,,M,60대
5/7/25,젤리,간식/과자/떡,180정,8,33730,성북구,서울,6153,SUMMER25,F,20대
5/7/25,코코넛워터,생수/음료,150g,7,25923,송파구,서울,4235,HEALTHY15,F,30대
5/7/25,에이드,생수/음료,150g,2,10068,양천구,서울,9068,FRESH10OFF,F,20대
5/7/25,아이스바,간식/과자/떡,400g,3,13076,노원구,서울,3811,GOURMET20,F,40대
5/7/25,포케볼,간편식/밀키트/샐러드,250ml,1,11072,송파구,서울,5610,ORGANIC20,M,60대
5/7/25,생수,생수/음료,100ml,7,27702,성동구,서울,3828,SUMMER25,F,30대
5/7/25,냉면키트,간편식/밀키트/샐러드,250g,2,20144,양천구,서울,3810,PREMIUM15,M,30대
5/8/25,포케볼,간편식/밀키트/샐러드,150g,9,80768,영등포구,서울,6878,PREMIUM15,M,50대
5/8/25,포도,과일/견과/쌀,6개,3,20435,강북구,서울,9693,,M,20대
5/8/25,새우,수산/해산/건어물,600g,3,28576,금천구,서울,3554,FRESH10OFF,F,40대
5/8/25,쿨링스프레이,헤어/바디/구강,60정,5,55599,구로구,서울,6850,RAINY10,F,50대
5/8/25,냉국수,간편식/밀키트/샐러드,2kg,4,34128,강서구,서울,3293,GOURMET20,M,60대
5/8/25,냉국수,간편식/밀키트/샐러드,400g,3,25978,중랑구,서울,7778,SPRING15,M,60대
5/8/25,콘샐러드,간편식/밀키트/샐러드,3kg,7,63993,중구,서울,9969,PREMIUM15,F,20대
5/9/25,홍차,커피/차,300ml,2,9631,강동구,서울,1173,SUMMER25,M,30대
5/9/25,보습크림,헤어/바디/구강,240정,5,58508,용산구,서울,2415,FAMILY25,M,20대
5/9/25,곰탕키트,간편식/밀키트/샐러드,150g,5,46448,광진구,서울,5785,SPRING15,M,40대
5/9/25,루이보스차,커피/차,330ml,4,23882,양천구,서울,1122,FRUITPROMO5,F,30대
5/9/25,삼계탕키트,간편식/밀키트/샐러드,2kg,4,36471,용산구,서울,6422,NEWCUSTOMER,F,50대
5/9/25,밀크티,커피/차,300ml,3,18580,종로구,서울,3078,SUMMER25,F,30대
5/9/25,삼계탕키트,간편식/밀키트/샐러드,600g,3,26489,동작구,서울,8508,ORGANIC20,M,30대
5/10/25,볶음밥키트,간편식/밀키트/샐러드,2kg,8,72229,도봉구,서울,4919,WEEKEND20,F,40대
5/10/25,감자탕,국/반찬/메인요리,600g,2,11149,종로구,서울,2605,SUMMER25,F,50대
5/10/25,순두부찌개,국/반찬/메인요리,150g,8,34837,강남구,서울,8189,SUMMER25,M,50대
5/10/25,순두부찌개,국/반찬/메인요리,600g,3,14549,구로구,서울,5027,PREMIUM15,M,30대
5/10/25,카페라떼,커피/차,750ml,6,31469,용산구,서울,1949,WEEKEND20,F,40대
5/10/25,순두부찌개,국/반찬/메인요리,400g,6,25224,강북구,서울,9721,FRUITPROMO5,M,50대
5/10/25,유자차,커피/차,250ml,7,36624,성북구,서울,2007,GOURMET20,F,20대
5/11/25,스무디,생수/음료,6개입,8,30695,관악구,서울,6914,VIP30,F,50대
5/11/25,참치,수산/해산/건어물,3kg,8,78238,서초구,서울,7321,FRESH10OFF,F,50대
5/11/25,가스파초,간편식/밀키트/샐러드,100ml,1,13465,관악구,서울,4438,SUMMER25,M,60대
5/11/25,파인애플,과일/견과/쌀,30정,4,26682,노원구,서울,8457,SPRING15,F,60대
5/11/25,젤라또,생수/음료,500g,6,26080,성북구,서울,5160,ORGANIC20,F,50대
5/11/25,복숭아,과일/견과/쌀,250g,1,10188,강서구,서울,3088,GOURMET20,M,30대
5/11/25,코코넛워터,생수/음료,750ml,6,24663,은평구,서울,7380,FAMILY25,F,40대
5/12/25,빙과류,간식/과자/떡,300g,4,19364,영등포구,서울,9104,SUMMER25,F,20대
5/12/25,젤리,간식/과자/떡,400g,4,18711,노원구,서울,7646,FRUITPROMO5,M,60대
5/12/25,스포츠음료,생수/음료,500ml,7,28629,중랑구,서울,6743,NEWCUSTOMER,F,50대
5/12/25,쿨링스프레이,헤어/바디/구강,100ml,5,59040,양천구,서울,9509,,F,50대
5/12/25,참외,과일/견과/쌀,5kg,2,13797,성북구,서울,3019,WEEKEND20,M,20대
5/12/25,과일주스,생수/음료,750ml,6,22316,서초구,서울,5049,FRUITPROMO5,M,60대
5/12/25,세정제,헤어/바디/구강,100ml,3,33617,중랑구,서울,2237,NEWCUSTOMER,F,60대
5/13/25,생수,생수/음료,355ml,6,22583,중랑구,서울,7043,WEEKEND20,M,20대
5/13/25,코코넛워터,생수/음료,330ml,8,27829,중랑구,서울,8110,NEWCUSTOMER,F,40대
5/13/25,팥빙수,간식/과자/떡,500g,2,12497,성동구,서울,9010,WEEKEND20,F,50대